{"-21.7857410,-46.5742100": 1191.0, "-21.7857420,-46.5742200": 1191.0}